analysis,n_cohorts,meta_logHR,meta_HR,meta_HR_lo95,meta_HR_hi95,p_value,I2_pct,tau2,Q_stat,Q_p
primary_validation_re,4,0.31673700923264714,1.3726415324026022,1.2381249985528942,1.5217726632438002,1.7549513179772395e-9,38.26892547479963,0.00423125821603571,5.140010604344822,0.16182731356051652
primary_validation_re_hk,4,0.31673700923264714,1.3726415324026022,1.1501823607505484,1.6381269968764522,0.010703559864538525,38.26892547479963,0.00423125821603571,5.140010604344822,0.16182731356051652
os_harmonized_re,3,0.3101342289297301,1.3636081375092561,1.1342838552856431,1.6392961462130735,9.628543896630145e-4,50.49213938739854,0.013367293075859193,4.048867337894463,0.1320686165712477
