"analysis","n_cohorts","meta_HR_FE","meta_HR_FE_lo","meta_HR_FE_hi","meta_HR_RE","meta_HR_RE_lo","meta_HR_RE_hi","I2_pct","tau2","Q_stat","Q_p","p_FE","p_RE"
"validation_only_3cohorts",3,1.37052745755553,1.28462096149611,1.46217878130063,1.34593922360811,1.2121800101864,1.49445823097532,42.3178618889324,0.00379984830746065,3.46727785323938,0.176640457369901,1.37804076222444e-21,2.65002661093939e-08
