analysis,n_cohorts,meta_logHR,meta_HR,meta_HR_lo95,meta_HR_hi95,p_value,I2_pct,tau2,Q_stat,Q_p
primary_validation_re,4,0.3166887297738034,1.3725752636119548,1.2383786304286446,1.5213140860056058,1.6105284911031489e-9,38.18037597402331,0.0042032807741789685,5.139306305892435,0.16187607441169677
primary_validation_re_hk,4,0.3166887297738034,1.3725752636119548,1.1504471154256908,1.6375918797295776,0.01066103595790548,38.18037597402331,0.0042032807741789685,5.139306305892435,0.16187607441169677
os_harmonized_re,3,0.30992681169762737,1.3633253310141853,1.1346059724330997,1.6381510439251021,9.403847214095856e-4,50.47746988159845,0.013286437867710343,4.048580415248227,0.13208756466885044
