analysis,n_cohorts,meta_logHR,meta_HR,meta_HR_lo95,meta_HR_hi95,p_value,I2_pct,tau2,Q_stat,Q_p
primary_validation_re,3,0.29643067528517103,1.345049311605122,1.2081996843972458,1.4973995391763213,6.139156809533788e-8,44.545637980491016,0.0041605750735110155,3.4672778532393793,0.17664045736990147
primary_validation_re_hk,3,0.29643067528517103,1.345049311605122,1.080487521961938,1.674390137670783,0.028244443597515052,44.545637980491016,0.0041605750735110155,3.4672778532393793,0.17664045736990147
os_harmonized_re,2,0.23716344381669385,1.2676482901190655,1.1016964108429703,1.4585980054271357,9.23544089014825e-4,16.07707269818526,0.001836680045999992,1.1915694937614223,0.2750131992794744
