cohort,logOR_uni,se_logOR_uni,or_uni,n_total,n_pcr1
ISPY2,0.5216189010151641,0.07525648509638848,1.6847528913215306,986,319
