estimate,se,zval,pval,ci.lb,ci.ub,Q,Qp,tau2,I2,H2,cohort_left_out
0.29643067528517103,0.05474554054379299,5.414699943423613,6.139156809533788e-8,0.18913138750515945,0.4037299630651826,3.4672778532393793,0.17664045736990147,0.0041605750735110155,44.545637980491016,1.8032846535105707,GSE1456
0.3167677022432812,0.07553599663540843,4.193599295078242,2.745628096947647e-5,0.168719869301542,0.4648155351850204,5.1249108638325165,0.07711515676649491,0.010047336059044282,62.12029795744569,2.639936287979756,GSE20685
0.3101342289297301,0.09394700264734304,3.3011615079824064,9.628543896630145e-4,0.12600148728544863,0.49426697057401153,4.048867337894463,0.1320686165712477,0.013367293075859193,50.49213938739854,2.0198812625433176,METABRIC
0.3530508651819255,0.03573393494166482,9.87998846917577,5.0838759417197355e-23,0.2830136396703651,0.42308809069348596,1.256619730989921,0.5334927139044082,0,0,1,TCGA_BRCA
