estimate,se,zval,pval,ci.lb,ci.ub,Q,Qp,tau2,I2,H2,cohort_left_out
0.2964571849127318,0.054625709196397955,5.427063360346823,5.728879583071392e-8,0.1893927622578334,0.4035216075676302,3.466304431224585,0.17672645115021723,0.004139682456073888,44.50438290274604,1.8019441035271992,GSE1456
0.3167677022432812,0.07553599663540843,4.193599295078242,2.745628096947647e-5,0.168719869301542,0.4648155351850204,5.1249108638325165,0.07711515676649491,0.010047336059044282,62.12029795744569,2.639936287979756,GSE20685
0.30992681169762737,0.09369630428873929,3.3077805368132895,9.403847214095856e-4,0.12628542980719257,0.49356819358806214,4.048580415248227,0.13208756466885044,0.013286437867710343,50.47746988159845,2.0192829356842994,METABRIC
0.3529902770511433,0.0357129410029933,9.884099912733516,4.879469706317268e-23,0.28299419890327265,0.4229863551990139,1.2579203804560213,0.5331458831861747,0,0,1,TCGA_BRCA
