estimate,se,zval,pval,ci.lb,ci.ub,Q,Qp,tau2,I2,H2,cohort_left_out
0.2964306752851712,0.05474554054379299,5.414699943423616,6.139156809533667e-8,0.18913138750515962,0.4037299630651828,3.467277853239379,0.17664045736990153,0.004160575073511012,44.545637980490994,1.80328465351057,SCANB
0.4533356481031707,0.10825556093002274,4.187643056934603,2.818663534589904e-5,0.24115864755414473,0.6655126486521966,23.647476898396977,7.328509177343883e-6,0.030049902501702523,89.78790239946629,9.79230750739924,TCGA_BRCA
0.3990338679507394,0.1444809152072635,2.7618448248220866,0.005747578810337754,0.11585647769111757,0.6822112582103612,27.262717073497353,1.2021985688931636e-6,0.05562993800355424,90.32138273537531,10.332054390196802,METABRIC
0.39842496613610323,0.13595737504330552,2.930513817357799,0.003384019438062753,0.13195340761861968,0.6648965246535867,33.16211566252608,6.294164363958617e-8,0.05214164037425849,94.8097419880703,19.266864916956372,GSE20685
