cohort_row,SCANB,TCGA_BRCA,METABRIC,GSE20685
SCANB,NA,0.9993123657211797,0.9948135462917778,0.9860270546239356
TCGA_BRCA,0.9993123657211797,NA,0.9922825308531508,0.9832691795313016
METABRIC,0.9948135462917778,0.9922825308531508,NA,0.9969376537361683
GSE20685,0.9860270546239356,0.9832691795313016,0.9969376537361683,NA
